year,F,M
2001,36.034770514603615,36.4041958041958
2002,33.8787610619469,37.49050632911393
